{
    "sfx": 0.35714285714285715,
    "music": 0.3028571428571429,
    "theme": "Gris"
}