{
    "sfx": 0.20857142857142857,
    "music": 0.22857142857142856,
    "theme": "Gris"
}