{
    "sfx": 0.35714285714285715,
    "music": 0.4342857142857143,
    "theme": "Gris"
}