{
    "sfx": 0.20857142857142857,
    "music": 0.05714285714285714,
    "theme": "Bleu"
}